"source","class","theme","prevalence","theme_label"
"Reddit","negative","accuracy_quality",0.139652677279305,"Accuracy & quality"
"Reddit","negative","anthro_companion",0.22575976845152,"Anthropomorphism"
"Reddit","negative","automation_vs_human",0.640376266280753,"Automation vs. human"
"Reddit","negative","pricing_fees",0.162083936324168,"Pricing & fees"
"Reddit","negative","support_resolution",0.381331403762663,"Support & resolution"
"Reddit","negative","trust_safety",0.0911722141823444,"Trust & safety"
"Reddit","positive","accuracy_quality",0.083384805435454,"Accuracy & quality"
"Reddit","positive","anthro_companion",0.143298332303891,"Anthropomorphism"
"Reddit","positive","automation_vs_human",0.596046942557134,"Automation vs. human"
"Reddit","positive","pricing_fees",0.237183446571958,"Pricing & fees"
"Reddit","positive","support_resolution",0.329215565163681,"Support & resolution"
"Reddit","positive","trust_safety",0.105003088326127,"Trust & safety"
"Trustpilot","negative","accuracy_quality",0.162889518413598,"Accuracy & quality"
"Trustpilot","negative","anthro_companion",0.0934844192634561,"Anthropomorphism"
"Trustpilot","negative","automation_vs_human",0.0368271954674221,"Automation vs. human"
"Trustpilot","negative","pricing_fees",0.548158640226629,"Pricing & fees"
"Trustpilot","negative","support_resolution",0.519830028328612,"Support & resolution"
"Trustpilot","negative","trust_safety",0.342776203966006,"Trust & safety"
"Trustpilot","positive","accuracy_quality",0.0247799152266058,"Accuracy & quality"
"Trustpilot","positive","anthro_companion",0.0658624062601891,"Anthropomorphism"
"Trustpilot","positive","automation_vs_human",0.0045647212259537,"Automation vs. human"
"Trustpilot","positive","pricing_fees",0.103358330616237,"Pricing & fees"
"Trustpilot","positive","support_resolution",0.294750570590153,"Support & resolution"
"Trustpilot","positive","trust_safety",0.0694489729377242,"Trust & safety"
